Architecture,Model,Size_n,BatchSize,LearningRate,Params,FLOPs_per_step,Total_Time,Time_per_Epoch,Final_Loss
LINEAR_REGRESSION,MATNETS,4,32,0.001,144,69160.0,0.1442883014678955,0.07214415073394775,0.6628167629241943
LINEAR_REGRESSION,Scalar,-,32,0.001,161,22820.0,0.20308256149291992,0.10154128074645996,0.13103549182415009
LINEAR_REGRESSION,MATNETS,4,32,0.0005,144,69160.0,0.1414508819580078,0.0707254409790039,1.9085142612457275
LINEAR_REGRESSION,Scalar,-,32,0.0005,161,22820.0,0.18645739555358887,0.09322869777679443,0.34299927949905396
LINEAR_REGRESSION,MATNETS,4,64,0.001,144,136456.0,0.0786590576171875,0.03932952880859375,1.004244327545166
LINEAR_REGRESSION,Scalar,-,64,0.001,161,43556.0,0.09752869606018066,0.04876434803009033,0.3088226020336151
LINEAR_REGRESSION,MATNETS,4,64,0.0005,144,136456.0,0.07858657836914062,0.03929328918457031,1.46053147315979
LINEAR_REGRESSION,Scalar,-,64,0.0005,161,43556.0,0.09740042686462402,0.04870021343231201,0.27144700288772583
LINEAR_REGRESSION,MATNETS,8,32,0.001,576,538088.0,0.14275693893432617,0.07137846946716309,0.7768014669418335
LINEAR_REGRESSION,Scalar,-,32,0.001,581,81998.0,0.1826469898223877,0.09132349491119385,0.2027001529932022
LINEAR_REGRESSION,MATNETS,8,32,0.0005,576,538088.0,0.14377140998840332,0.07188570499420166,1.2148305177688599
LINEAR_REGRESSION,Scalar,-,32,0.0005,581,81998.0,0.1839430332183838,0.0919715166091919,0.2853132486343384
LINEAR_REGRESSION,MATNETS,8,64,0.001,576,1068744.0,0.08022284507751465,0.040111422538757324,1.4827873706817627
LINEAR_REGRESSION,Scalar,-,64,0.001,581,156494.0,0.09803366661071777,0.04901683330535889,0.3331907391548157
LINEAR_REGRESSION,MATNETS,8,64,0.0005,576,1068744.0,0.08110737800598145,0.04055368900299072,1.8424321413040161
LINEAR_REGRESSION,Scalar,-,64,0.0005,581,156494.0,0.10099506378173828,0.05049753189086914,0.2967180013656616
TABULAR,MATNETS,4,32,0.001,2064,1072168.0,0.005400657653808594,0.002700328826904297,0.2450127750635147
TABULAR,Scalar,-,32,0.001,2081,361268.0,0.007894039154052734,0.003947019577026367,0.2870345711708069
TABULAR,MATNETS,4,32,0.0005,2064,1072168.0,0.00581669807434082,0.00290834903717041,0.39803165197372437
TABULAR,Scalar,-,32,0.0005,2081,361268.0,0.007816553115844727,0.003908276557922363,0.5991227030754089
TABULAR,MATNETS,4,64,0.001,2064,2117576.0,0.003012418746948242,0.001506209373474121,0.41380736231803894
TABULAR,Scalar,-,64,0.001,2081,695540.0,0.005338430404663086,0.002669215202331543,0.6111232042312622
TABULAR,MATNETS,4,64,0.0005,2064,2117576.0,0.0029954910278320312,0.0014977455139160156,0.4851441979408264
TABULAR,Scalar,-,64,0.0005,2081,695540.0,0.0048868656158447266,0.0024434328079223633,0.7987152934074402
TABULAR,MATNETS,8,32,0.001,8256,8413096.0,0.005075931549072266,0.002537965774536133,0.12851648032665253
TABULAR,Scalar,-,32,0.001,8285,1541480.0,0.007951736450195312,0.003975868225097656,0.12164483964443207
TABULAR,MATNETS,8,32,0.0005,8256,8413096.0,0.004746437072753906,0.002373218536376953,0.3374556303024292
TABULAR,Scalar,-,32,0.0005,8285,1541480.0,0.00896763801574707,0.004483819007873535,0.2573423683643341
TABULAR,MATNETS,8,64,0.001,8256,16719176.0,0.0030260086059570312,0.0015130043029785156,0.305340051651001
TABULAR,Scalar,-,64,0.001,8285,2975400.0,0.004843235015869141,0.0024216175079345703,0.18963195383548737
TABULAR,MATNETS,8,64,0.0005,8256,16719176.0,0.0030939579010009766,0.0015469789505004883,0.45710861682891846
TABULAR,Scalar,-,64,0.0005,8285,2975400.0,0.0056705474853515625,0.0028352737426757812,0.3582439720630646
CONV1D,MATNETS,4,32,0.001,1056,87231040.0,41.60474872589111,20.802374362945557,1.9498165845870972
CONV1D,Scalar,-,32,0.001,1252,155272096.0,22.4568452835083,11.22842264175415,1.8223085403442383
CONV1D,MATNETS,4,32,0.0005,1056,87231040.0,42.81460380554199,21.407301902770996,2.1778173446655273
CONV1D,Scalar,-,32,0.0005,1252,155272096.0,23.18293523788452,11.59146761894226,1.7473559379577637
CONV1D,MATNETS,4,64,0.001,1056,174448576.0,78.7106499671936,39.3553249835968,2.021627426147461
CONV1D,Scalar,-,64,0.001,1252,310527616.0,22.01100468635559,11.005502343177795,1.6663811206817627
CONV1D,MATNETS,4,64,0.0005,1056,174448576.0,79.01226115226746,39.50613057613373,2.1613190174102783
CONV1D,Scalar,-,64,0.0005,1252,310527616.0,23.250000476837158,11.625000238418579,2.005859136581421
CONV1D,MATNETS,8,32,0.001,4224,659158144.0,1974.628833770752,987.314416885376,1.9705402851104736
CONV1D,Scalar,-,32,0.001,4438,602942080.0,62.73495268821716,31.36747634410858,1.7017784118652344
CONV1D,MATNETS,8,32,0.0005,4224,659158144.0,401.6326286792755,200.81631433963776,2.045060157775879
CONV1D,Scalar,-,32,0.0005,4438,602942080.0,45.74005937576294,22.87002968788147,1.6102440357208252
CONV1D,MATNETS,8,64,0.001,4224,1318262272.0,426.78766083717346,213.39383041858673,1.9044013023376465
CONV1D,Scalar,-,64,0.001,4438,1205826816.0,55.06168460845947,27.530842304229736,1.9548449516296387
CONV1D,MATNETS,8,64,0.0005,4224,1318262272.0,1317.1086838245392,658.5543419122696,2.0382256507873535
CONV1D,Scalar,-,64,0.0005,4438,1205826816.0,61.867905616760254,30.933952808380127,1.84498131275177
CONV2D,MATNETS,4,32,0.001,1440,241376704.0,127.0212287902832,63.5106143951416,1.7521840333938599
CONV2D,Scalar,-,32,0.001,1558,198690432.0,46.62154197692871,23.310770988464355,1.3466235399246216
CONV2D,MATNETS,4,32,0.0005,1440,241376704.0,127.2357337474823,63.61786687374115,2.032025098800659
CONV2D,Scalar,-,32,0.0005,1558,198690432.0,48.678324699401855,24.339162349700928,1.7618522644042969
CONV2D,MATNETS,4,64,0.001,1440,482734912.0,129.81797671318054,64.90898835659027,1.8921558856964111
CONV2D,Scalar,-,64,0.001,1558,397359552.0,48.164913177490234,24.082456588745117,1.4003095626831055
CONV2D,MATNETS,4,64,0.0005,1440,482734912.0,158.42787885665894,79.21393942832947,2.052182674407959
CONV2D,Scalar,-,64,0.0005,1558,397359552.0,57.164886713027954,28.582443356513977,1.5141353607177734
CONV2D,MATNETS,8,32,0.001,5760,1892303360.0,620.511477470398,310.255738735199,1.6501610279083252
