Architecture,Model,Size_n,BatchSize,Params,FLOPs,Train_Time_Per_Batch,Final_Loss
LINEAR_REGRESSION,MATNETS,2,8,36,2672.0,0.0006842613220214844,2.6737687587738037
LINEAR_REGRESSION,Scalar,-,8,41,1880.0,0.0011603832244873047,4.4727582931518555
LINEAR_REGRESSION,MATNETS,2,16,36,4872.0,0.001280069351196289,4.2144975662231445
LINEAR_REGRESSION,Scalar,-,16,41,3224.0,0.0021522045135498047,5.810577869415283
LINEAR_REGRESSION,MATNETS,2,32,36,9272.0,0.0008234977722167969,4.144397258758545
LINEAR_REGRESSION,Scalar,-,32,41,5912.0,0.001012563705444336,3.8640291690826416
LINEAR_REGRESSION,MATNETS,4,8,144,18688.0,0.0008139610290527344,3.168104410171509
LINEAR_REGRESSION,Scalar,-,8,161,7268.0,0.0011208057403564453,5.9354400634765625
LINEAR_REGRESSION,MATNETS,4,16,144,35512.0,0.0007944107055664062,2.2846872806549072
LINEAR_REGRESSION,Scalar,-,16,161,12452.0,0.001064300537109375,3.068866014480591
LINEAR_REGRESSION,MATNETS,4,32,144,69160.0,0.0009100437164306641,3.9415836334228516
LINEAR_REGRESSION,Scalar,-,32,161,22820.0,0.0010514259338378906,4.437732219696045
LINEAR_REGRESSION,MATNETS,8,8,576,140096.0,0.0009088516235351562,1.9465901851654053
LINEAR_REGRESSION,Scalar,-,8,581,26126.0,0.0010256767272949219,2.046781063079834
LINEAR_REGRESSION,MATNETS,8,16,576,272760.0,0.0013842582702636719,1.8317116498947144
LINEAR_REGRESSION,Scalar,-,16,581,44750.0,0.0010690689086914062,2.8020639419555664
LINEAR_REGRESSION,MATNETS,8,32,576,538088.0,0.0008423328399658203,4.652071952819824
LINEAR_REGRESSION,Scalar,-,32,581,81998.0,0.0010981559753417969,6.3399338722229
TABULAR,MATNETS,2,8,164,12944.0,0.0009918212890625,0.6749513745307922
TABULAR,Scalar,-,8,211,11498.0,0.0013270378112792969,0.6850392818450928
TABULAR,MATNETS,2,16,164,23768.0,0.0011625289916992188,0.7006650567054749
TABULAR,Scalar,-,16,211,20266.0,0.0013439655303955078,0.7266513109207153
TABULAR,MATNETS,2,32,164,45416.0,0.0011970996856689453,0.6797695159912109
TABULAR,Scalar,-,32,211,37802.0,0.0012733936309814453,0.7073683738708496
TABULAR,MATNETS,4,8,656,89584.0,0.0010416507720947266,0.6833816170692444
TABULAR,Scalar,-,8,727,40934.0,0.0013432502746582031,0.567264974117279
TABULAR,MATNETS,4,16,656,170712.0,0.0011060237884521484,0.6901590824127197
TABULAR,Scalar,-,16,727,72454.0,0.0014162063598632812,0.7189358472824097
TABULAR,MATNETS,4,32,656,332968.0,0.0010983943939208984,0.6858583688735962
TABULAR,Scalar,-,32,727,135494.0,0.0012621879577636719,0.7172647714614868
TABULAR,MATNETS,8,8,2624,668528.0,0.0010597705841064453,0.686072587966919
TABULAR,Scalar,-,8,2833,164980.0,0.0012803077697753906,0.6238692402839661
TABULAR,MATNETS,8,16,2624,1303256.0,0.000997304916381836,0.6927253603935242
TABULAR,Scalar,-,16,2833,293220.0,0.001249074935913086,0.7081828117370605
TABULAR,MATNETS,8,32,2624,2572712.0,0.0011200904846191406,0.690420389175415
TABULAR,Scalar,-,32,2833,549700.0,0.0012669563293457031,0.6889698505401611
CONV1D,MATNETS,2,8,64,62625.0,0.0008630752563476562,0.7153781056404114
CONV1D,Scalar,-,8,77,46491.0,0.0012900829315185547,0.7259773015975952
CONV1D,MATNETS,2,16,64,124425.0,0.0008051395416259766,0.6846038103103638
CONV1D,Scalar,-,16,85,92051.0,0.0013048648834228516,0.6853142976760864
CONV1D,MATNETS,2,32,64,248025.0,0.0008618831634521484,0.6901363134384155
CONV1D,Scalar,-,32,101,183171.0,0.0013315677642822266,0.6855030655860901
CONV1D,MATNETS,4,8,256,446001.0,0.0008108615875244141,0.6465950012207031
CONV1D,Scalar,-,8,359,250593.0,0.0013318061828613281,0.7189013957977295
CONV1D,MATNETS,4,16,256,888729.0,0.0007524490356445312,0.6837830543518066
CONV1D,Scalar,-,16,367,496601.0,0.0013737678527832031,0.702568531036377
CONV1D,MATNETS,4,32,256,1774185.0,0.0008678436279296875,0.6941447854042053
CONV1D,Scalar,-,32,265,649167.0,0.0012760162353515625,0.6969034671783447
CONV1D,MATNETS,8,8,1024,3355761.0,0.0008211135864257812,0.6732996702194214
CONV1D,Scalar,-,8,1071,774393.0,0.0012998580932617188,0.6824485063552856
CONV1D,MATNETS,8,16,1024,6698457.0,0.0008180141448974609,0.7223812937736511
CONV1D,Scalar,-,16,1079,1534961.0,0.0013265609741210938,0.698826014995575
CONV1D,MATNETS,8,32,1024,13383849.0,0.0007634162902832031,0.7046773433685303
CONV1D,Scalar,-,32,1095,3056097.0,0.0018732547760009766,0.6950240731239319
CONV2D,MATNETS,2,8,360,7849657.0,0.0010540485382080078,2.3033552169799805
CONV2D,Scalar,-,8,460,13221230.0,0.0013227462768554688,2.2498607635498047
CONV2D,MATNETS,2,16,360,15694681.0,0.001039266586303711,2.277986526489258
CONV2D,Scalar,-,16,460,26436488.0,0.0013020038604736328,2.2192115783691406
CONV2D,MATNETS,2,32,360,31384724.0,0.001054525375366211,2.3112354278564453
CONV2D,Scalar,-,32,460,52867060.0,0.0013425350189208984,2.354351758956909
CONV2D,MATNETS,4,8,1440,60358052.0,0.0010216236114501953,2.3111259937286377
CONV2D,Scalar,-,8,1558,49687664.0,0.0013194084167480469,2.181918144226074
CONV2D,MATNETS,4,16,1440,120697600.0,0.001077413558959961,2.295895576477051
CONV2D,Scalar,-,16,1558,99355240.0,0.0038917064666748047,2.3139748573303223
CONV2D,MATNETS,4,32,1440,241376704.0,0.0011169910430908203,2.3087029457092285
CONV2D,Scalar,-,32,1558,198690432.0,0.0014946460723876953,2.324657440185547
CONV2D,MATNETS,8,8,5760,473131328.0,0.0010840892791748047,2.2920167446136475
CONV2D,Scalar,-,8,6640,225179616.0,0.0013606548309326172,2.1737091541290283
CONV2D,MATNETS,8,16,5760,946188672.0,0.0010819435119628906,2.299603223800659
CONV2D,Scalar,-,16,6640,450272384.0,0.0014429092407226562,2.1108779907226562
CONV2D,MATNETS,8,32,5760,1892303360.0,0.001088857650756836,2.29925274848938
CONV2D,Scalar,-,32,6640,900458368.0,0.0012810230255126953,2.234186887741089
RNN,MATNETS,2,8,32,3566.0,0.0008337497711181641,0.7335852980613708
RNN,Scalar,-,8,41,2870.0,0.0012035369873046875,0.8772366642951965
RNN,MATNETS,2,16,32,6678.0,0.0008535385131835938,0.6633752584457397
RNN,Scalar,-,16,41,5158.0,0.0011839866638183594,0.7764694690704346
RNN,MATNETS,2,32,32,12902.0,0.0008020401000976562,0.7028799057006836
RNN,Scalar,-,32,41,9734.0,0.0010962486267089844,0.7404875159263611
RNN,MATNETS,4,8,128,22358.0,0.0008072853088378906,0.6859699487686157
RNN,Scalar,-,8,145,9310.0,0.0012867450714111328,0.8307220935821533
RNN,MATNETS,4,16,128,42942.0,0.0008332729339599609,0.6893762350082397
RNN,Scalar,-,16,145,16590.0,0.0011107921600341797,0.7141674757003784
RNN,MATNETS,4,32,128,84110.0,0.0008485317230224609,0.7019672989845276
RNN,Scalar,-,32,145,31150.0,0.0010385513305664062,0.7602940797805786
RNN,MATNETS,8,8,512,162038.0,0.0008497238159179688,0.6927378177642822
RNN,Scalar,-,8,545,34090.0,0.0010709762573242188,0.7614887356758118
RNN,MATNETS,8,16,512,317022.0,0.0008177757263183594,0.6921858787536621
RNN,Scalar,-,16,545,60570.0,0.0010874271392822266,0.6954308152198792
RNN,MATNETS,8,32,512,626990.0,0.000919342041015625,0.6942459344863892
RNN,Scalar,-,32,545,113530.0,0.001050710678100586,0.7384589314460754
GRU,MATNETS,2,8,96,11134.0,0.001224517822265625,0.71683669090271
GRU,Scalar,-,8,117,8026.0,0.001672983169555664,0.6985087394714355
GRU,MATNETS,2,16,96,20934.0,0.0013332366943359375,0.7106102108955383
GRU,Scalar,-,16,117,14410.0,0.0014967918395996094,0.6311506032943726
GRU,MATNETS,2,32,96,40534.0,0.0012845993041992188,0.6978930234909058
GRU,Scalar,-,32,117,27178.0,0.0015485286712646484,0.6769781112670898
GRU,MATNETS,4,8,384,71062.0,0.0012884140014648438,0.6813986301422119
GRU,Scalar,-,8,421,27498.0,0.0014526844024658203,0.8422406315803528
GRU,MATNETS,4,16,384,136830.0,0.0013873577117919922,0.6874951720237732
GRU,Scalar,-,16,421,49114.0,0.0014600753784179688,0.7884076237678528
GRU,MATNETS,4,32,384,268366.0,0.0013773441314697266,0.6967595815658569
GRU,Scalar,-,32,421,92346.0,0.0015633106231689453,0.6797686815261841
GRU,MATNETS,8,8,1536,504310.0,0.0013513565063476562,0.6914361119270325
GRU,Scalar,-,8,1601,102218.0,0.0015232563018798828,0.6933426856994629
GRU,MATNETS,8,16,1536,987486.0,0.0012810230255126953,0.6912317276000977
GRU,Scalar,-,16,1601,182074.0,0.0015406608581542969,0.6818795800209045
GRU,MATNETS,8,32,1536,1953838.0,0.0013611316680908203,0.6892299056053162
GRU,Scalar,-,32,1601,341786.0,0.001550912857055664,0.6881815195083618
LSTM,MATNETS,2,8,128,14582.0,0.0015151500701904297,0.6849384903907776
LSTM,Scalar,-,8,155,10700.0,0.0018877983093261719,0.7404230833053589
LSTM,MATNETS,2,16,128,27390.0,0.0015244483947753906,0.7018252611160278
LSTM,Scalar,-,16,155,19228.0,0.0017459392547607422,0.6648244261741638
LSTM,MATNETS,2,32,128,53006.0,0.0015447139739990234,0.6941697001457214
LSTM,Scalar,-,32,155,36284.0,0.0018286705017089844,0.7147119045257568
LSTM,MATNETS,4,8,512,94070.0,0.001617431640625,0.6938223838806152
LSTM,Scalar,-,8,559,36496.0,0.0018186569213867188,0.6159204840660095
LSTM,MATNETS,4,16,512,181086.0,0.0015292167663574219,0.6972264647483826
LSTM,Scalar,-,16,559,65184.0,0.0018320083618164062,0.6818744540214539
LSTM,MATNETS,4,32,512,355118.0,0.0015823841094970703,0.6972184181213379
LSTM,Scalar,-,32,559,122560.0,0.0017375946044921875,0.7418177127838135
LSTM,MATNETS,8,8,2048,670070.0,0.001550912857055664,0.6940425038337708
LSTM,Scalar,-,8,2129,135706.0,0.0019524097442626953,0.7063727378845215
LSTM,MATNETS,8,16,2048,1311966.0,0.0015215873718261719,0.6956609487533569
LSTM,Scalar,-,16,2129,241674.0,0.0018045902252197266,0.7082666158676147
LSTM,MATNETS,8,32,2048,2595758.0,0.001539468765258789,0.6937992572784424
LSTM,Scalar,-,32,2129,453610.0,0.0017936229705810547,0.6761919856071472
ATTENTION,Scalar,-,8,167,175708.0,0.0016753673553466797,0.7462064027786255
ATTENTION,MATNETS,2,16,0,87172.0,0.0005769729614257812,0.661278247833252
ATTENTION,Scalar,-,16,167,349260.0,0.0017523765563964844,0.6811890602111816
ATTENTION,Scalar,-,32,167,696364.0,0.0017800331115722656,0.6828151941299438
ATTENTION,Scalar,-,8,167,175708.0,0.0019905567169189453,0.7245511412620544
ATTENTION,MATNETS,4,16,0,286852.0,0.0006344318389892578,0.6891878843307495
ATTENTION,Scalar,-,16,167,349260.0,0.0016295909881591797,0.7144980430603027
ATTENTION,Scalar,-,32,167,696364.0,0.0017654895782470703,0.7080059051513672
ATTENTION,Scalar,-,8,167,175708.0,0.0016794204711914062,0.6894168853759766
ATTENTION,MATNETS,8,16,0,1085572.0,0.0004892349243164062,0.6940739154815674
ATTENTION,Scalar,-,16,167,349260.0,0.0016984939575195312,0.6640723347663879
ATTENTION,Scalar,-,32,167,696364.0,0.0016779899597167969,0.7377418279647827
